{
    "additional_cooling_fan_speed": [
        "70"
    ],
    "bed_temperature_difference": [
        "10"
    ],
    "chamber_temperature": "0",
    "close_fan_the_first_x_layers": [
        "1"
    ],
    "compatible_printers": [
        "RatRig V-Core 3 200 0.4 nozzle",
        "RatRig V-Core 3 300 0.4 nozzle",
        "RatRig V-Core 3 400 0.4 nozzle",
        "RatRig V-Core 3 500 0.4 nozzle",
        "RatRig V-Minion 0.4 nozzle",
        "RatRig V-Cast 0.4 nozzle",
        "RatRig V-Cast 0.6 nozzle"
    ],
    "compatible_printers_condition": "",
    "compatible_prints": [],
    "compatible_prints_condition": "",
    "cool_plate_temp": [
        "60"
    ],
    "cool_plate_temp_initial_layer": [
        "60"
    ],
    "default_filament_colour": [
        "#F2754E"
    ],
    "enable_overhang_bridge_fan": [
        "1"
    ],
    "enable_pressure_advance": [
        "1"
    ],
    "eng_plate_temp": [
        "60"
    ],
    "eng_plate_temp_initial_layer": [
        "60"
    ],
    "fan_cooling_layer_time": [
        "100"
    ],
    "fan_max_speed": [
        "100"
    ],
    "fan_min_speed": [
        "100"
    ],
    "filament_cost": [
        "20"
    ],
    "filament_density": [
        "1.24"
    ],
    "filament_deretraction_speed": [
        "30"
    ],
    "filament_diameter": [
        "1.75"
    ],
    "filament_end_gcode": [
        ""
    ],
    "filament_flow_ratio": [
        "0.92"
    ],
    "filament_is_support": [
        "0"
    ],
    "filament_max_volumetric_speed": [
        "45"
    ],
    "filament_minimal_purge_on_wipe_tower": [
        "15"
    ],
    "filament_retract_before_wipe": [
        "nil"
    ],
    "filament_retract_restart_extra": [
        "nil"
    ],
    "filament_retract_when_changing_layer": [
        "nil"
    ],
    "filament_retraction_length": [
        "2"
    ],
    "filament_retraction_minimum_travel": [
        "nil"
    ],
    "filament_retraction_speed": [
        "40"
    ],
    "filament_settings_id": [
        "Polymaker PLA Pro"
    ],
    "filament_shrink": [
        "100%"
    ],
    "filament_soluble": [
        "0"
    ],
    "filament_start_gcode": [
        ""
    ],
    "filament_type": [
        "PLA"
    ],
    "filament_vendor": [
        "Generic"
    ],
    "filament_wipe": [
        "nil"
    ],
    "filament_wipe_distance": [
        "nil"
    ],
    "filament_z_hop": [
        "0.4"
    ],
    "filament_z_hop_types": [
        "Spiral Lift"
    ],
    "from": "",
    "full_fan_speed_layer": [
        "0"
    ],
    "hot_plate_temp": [
        "50"
    ],
    "hot_plate_temp_initial_layer": [
        "50"
    ],
    "inherits": "RatRig Generic PLA",
    "name": "Polymaker PLA Pro",
    "nozzle_temperature": [
        "220"
    ],
    "nozzle_temperature_initial_layer": [
        "220"
    ],
    "nozzle_temperature_range_high": [
        "230"
    ],
    "nozzle_temperature_range_low": [
        "190"
    ],
    "overhang_fan_speed": [
        "100"
    ],
    "overhang_fan_threshold": [
        "50%"
    ],
    "pressure_advance": [
        "0.05"
    ],
    "reduce_fan_stop_start_freq": [
        "1"
    ],
    "required_nozzle_HRC": [
        "0"
    ],
    "slow_down_for_layer_cooling": [
        "1"
    ],
    "slow_down_layer_time": [
        "8"
    ],
    "slow_down_min_speed": [
        "120"
    ],
    "temperature_vitrification": [
        "60"
    ],
    "textured_plate_temp": [
        "60"
    ],
    "textured_plate_temp_initial_layer": [
        "60"
    ],
    "version": "1.4.4.0"
}
