{
    "auxiliary_fan": "0",
    "bbl_calib_mark_logo": "1",
    "bed_custom_model": "",
    "bed_custom_texture": "",
    "bed_exclude_area": [
        "0x0"
    ],
    "before_layer_change_gcode": "",
    "change_filament_gcode": "M600",
    "default_filament_profile": [
        "RatRig Generic ABS"
    ],
    "default_print_profile": "0.20mm Standard @RatRig",
    "deretraction_speed": [
        "30"
    ],
    "extruder_clearance_height_to_lid": "140",
    "extruder_clearance_height_to_rod": "25",
    "extruder_clearance_radius": "45",
    "extruder_colour": [
        "#FCE94F"
    ],
    "extruder_offset": [
        "0x0"
    ],
    "from": "",
    "gcode_flavor": "klipper",
    "host_type": "octoprint",
    "inherits": "RatRig V-Core 3 200 0.4 nozzle",
    "layer_change_gcode": "",
    "machine_end_gcode": "M104 S0 ; turn off temperature\nM140 S0 ; kill bed temperature\nG91\nG1 Z+5 F1000 ; move bed down\nG90\nG1 X10 F1500 ; move X carriage\nM84 ; disable motors",
    "machine_load_filament_time": "0",
    "machine_max_acceleration_e": [
        "5000",
        "5000"
    ],
    "machine_max_acceleration_extruding": [
        "20000",
        "9000"
    ],
    "machine_max_acceleration_retracting": [
        "20000",
        "9000"
    ],
    "machine_max_acceleration_travel": [
        "9000",
        "9000"
    ],
    "machine_max_acceleration_x": [
        "20000",
        "9000"
    ],
    "machine_max_acceleration_y": [
        "20000",
        "9000"
    ],
    "machine_max_acceleration_z": [
        "100",
        "100"
    ],
    "machine_max_jerk_e": [
        "5",
        "5"
    ],
    "machine_max_jerk_x": [
        "10",
        "7"
    ],
    "machine_max_jerk_y": [
        "10",
        "7"
    ],
    "machine_max_jerk_z": [
        "0.4",
        "0.4"
    ],
    "machine_max_speed_e": [
        "60",
        "60"
    ],
    "machine_max_speed_x": [
        "500",
        "200"
    ],
    "machine_max_speed_y": [
        "500",
        "200"
    ],
    "machine_max_speed_z": [
        "12",
        "12"
    ],
    "machine_min_extruding_rate": [
        "0",
        "0"
    ],
    "machine_min_travel_rate": [
        "0",
        "0"
    ],
    "machine_pause_gcode": "M601",
    "machine_start_gcode": "G28 ; home all axes\nG1 Z5 F500 ; lift nozzle",
    "machine_unload_filament_time": "0",
    "max_layer_height": [
        "0.3"
    ],
    "min_layer_height": [
        "0.05"
    ],
    "name": "BugBu 01",
    "nozzle_diameter": [
        "0.4"
    ],
    "nozzle_hrc": "0",
    "nozzle_type": "undefine",
    "nozzle_volume": "0",
    "print_host": "",
    "print_host_webui": "",
    "printable_area": [
        "0x0",
        "215x0",
        "215x200",
        "0x200"
    ],
    "printable_height": "210",
    "printer_model": "RatRig V-Core 3 200",
    "printer_settings_id": "BugBu 01",
    "printer_technology": "FFF",
    "printer_variant": "0.4",
    "printhost_apikey": "",
    "printhost_authorization_type": "key",
    "printhost_cafile": "",
    "printhost_password": "",
    "printhost_port": "",
    "printhost_ssl_ignore_revoke": "0",
    "printhost_user": "",
    "retract_before_wipe": [
        "70%"
    ],
    "retract_length_toolchange": [
        "2"
    ],
    "retract_restart_extra": [
        "0"
    ],
    "retract_restart_extra_toolchange": [
        "0"
    ],
    "retract_when_changing_layer": [
        "0"
    ],
    "retraction_length": [
        "1"
    ],
    "retraction_minimum_travel": [
        "1"
    ],
    "retraction_speed": [
        "40"
    ],
    "scan_first_layer": "0",
    "silent_mode": "0",
    "single_extruder_multi_material": "1",
    "template_custom_gcode": "",
    "thumbnails": [
        "300x300"
    ],
    "upward_compatible_machine": [],
    "use_firmware_retraction": "0",
    "use_relative_e_distances": "1",
    "version": "1.4.4.0",
    "wipe": [
        "1"
    ],
    "wipe_distance": [
        "2"
    ],
    "z_hop": [
        "0.4"
    ],
    "z_hop_types": [
        "Auto Lift"
    ]
}
